name,lat,lon,alt,tz,tzone
"Lansdowne Airport",41.1304722,-80.6195833,1044,-5,America/New_York
"Moton Field Municipal Airport",32.4605722,-85.6800278,264,-6,America/Chicago
"Schaumburg Regional",41.9893408,-88.1012428,801,-6,America/Chicago
"Randall Airport",41.431912,-74.3915611,523,-5,America/New_York
"Jekyll Island Airport",31.0744722,-81.4277778,11,-5,America/New_York
"Elizabethton Municipal Airport",36.3712222,-82.1734167,1593,-5,America/New_York
"Williams County Airport",41.4673056,-84.5067778,730,-5,America/New_York
"Finger Lakes Regional Airport",42.8835647,-76.7812318,492,-5,America/New_York
"Shoestring Aviation Airfield",39.7948244,-76.6471914,1000,-5,America/New_York
"Jefferson County Intl",48.0538086,-122.8106436,108,-8,America/Los_Angeles
"Harford County Airport",39.5668378,-76.2024028,409,-5,America/New_York
"Galt Field Airport",42.4028889,-88.3751111,875,-6,America/Chicago
"Port Bucyrus-Crawford County Airport",40.7815556,-82.9748056,1003,-5,America/New_York
"Jackson County Airport",34.1758638,-83.5615972,951,-5,America/New_York
"Martin Campbell Field Airport",35.0158056,-84.3468333,1789,-5,America/New_York
"Mansfield Municipal",42.0001331,-71.1967714,122,-5,America/New_York
"Frazier Lake Airpark",54.0133333333333,-124.768333333333,152,-8,America/Vancouver
"Clow International Airport",41.6959744,-88.1292306,670,-6,America/Chicago
"Kent State Airport",41.1513889,-81.4151111,1134,-5,America/New_York
"Grand Canyon West Airport",35.899904,-113.815674,4813,-7,America/Phoenix
"Effingham Memorial Airport",39.07,-88.534,585,-6,America/Chicago
"Fortman Airport",40.5553253,-84.3866186,885,-5,America/New_York
"Point Roberts Airpark",48.9797222,-123.0788889,10,-8,America/Los_Angeles
"Clarke CO",32.0517,-88.4434,320,-6,America/Chicago
"Lowell City Airport",42.95392,-85.3439058,681,-5,America/New_York
"Suwannee County Airport",30.300125,-83.0246944,104,-5,America/New_York
"Forest Lake Airport",45.2477456,-92.9943853,925,-6,America/Chicago
"Grove City Airport",41.1460278,-80.16775,1371,-5,America/New_York
"Mark Anton Airport",35.48625,-84.9310833,718,-5,America/New_York
"Plum Island Airport",42.7953611,-70.8394444,11,-5,America/New_York
"Jefferson County Airpark",40.3602179,-80.7008742,1196,-5,America/New_York
"Somerset County Airport",40.0388708,-79.0149951,2275,-5,America/New_York
"Shelby County Airport",39.410556,-88.845556,550,-6,America/Chicago
"Quincy Municipal Airport",30.5978708,-84.557425,225,-5,America/New_York
"Atmautluak Airport",60.866667,-162.273056,18,-9,America/Anchorage
"Heber City Municipal Airport",40.4818056,-111.4288056,5637,-7,America/Denver
"Lynden Airport",48.9558961,-122.4581183,106,-8,America/Los_Angeles
"Ephraim-Gibraltar Airport",45.1354167,-87.1879444,773,-6,America/Chicago
"Wadsworth Municipal",41.0031572,-81.7564401,974,-5,America/New_York
"Ashland County Airport",40.9029722,-82.2556389,1206,-5,America/New_York
"Ridgeland Airport",32.4934167,-80.99175,79,-5,America/New_York
"Put-in-Bay Airport",41.3521,-82.497,595,-5,America/New_York
"Perry-Foley Airport",30.0692778,-83.5805833,44,-5,America/New_York
"Braceville Airport",41.2111675,-80.9692572,900,-5,America/New_York
"Cherokee County Airport",34.3122175,-84.4221556,1219,-5,America/New_York
"Gilmer County Airport",34.6282222,-84.5265833,1486,-5,America/New_York
"Chemehuevi Valley",34.528889,-114.431971,638,-8,America/Los_Angeles
"Polk County Airport - Cornelius Moore Field",34.0186944,-85.1464722,974,-5,America/New_York
"Clayton County Tara Field",33.389099,-84.332397,874,-5,America/New_York
"Isbell Field Airport",34.4736944,-85.7213889,877,-6,America/Chicago
"Robertson Field",41.6893333,-72.8646944,202,-5,America/New_York
"Pittsburgh-Monroeville Airport",40.4526389,-79.7749167,1187,-5,America/New_York
"Hamburg Inc Airport",42.7008925,-78.9147569,751,-5,America/New_York
"Youngstown Elser Metro Airport",40.9617953,-80.6773264,1070,-5,America/New_York
"Putnam County Airport",39.6335556,-86.8138056,842,-5,America/New_York
"Dell Flight Strip",44.7357483,-112.7200133,6007,-7,America/Denver
"Madison GA Municipal Airport",33.612125,-83.4604444,694,-5,America/New_York
"DeFuniak Springs Airport",30.7311111,-86.1537778,289,-6,America/Chicago
"Fernandina Beach Municipal Airport",30.6118333,-81.4611944,16,-5,America/New_York
Packwood,46.3625,-121.4067,1057,-8,America/Los_Angeles
"East Troy Municipal Airport",42.7971667,-88.3726111,860,-6,America/Chicago
"Saratoga County Airport",43.050722,-73.861638,433,-5,America/New_York
"Ocean Isle Beach Airport",33.9085056,-78.4366722,32,-5,America/New_York
"Griffin-Spalding County Airport",33.2269722,-84.2749444,958,-5,America/New_York
"Saluda County",33.5561,-81.4768,539,-5,America/New_York
"Tok Junction Airport",63.329444,-142.953611,1639,-9,America/Anchorage
"Big Timber Airport",45.8063889,-109.9811111,4492,-7,America/Denver
Florence,43.9828168,-124.1113687,51,-8,America/Los_Angeles
"Welke Airport",45.721111,-85.520278,664,-5,America/New_York
"Cairo-Grady County Airport",30.8879767,-84.1547353,265,-5,America/New_York
"Spring Hill Airport",41.3473569,-75.4158972,1729,-5,America/New_York
"Foster Field",42.4664444,-90.1693889,990,-6,America/Chicago
"Germack Airport",41.7778322,-80.9039797,820,-5,America/New_York
"Spitfire Aerodrome",39.7355633,-75.3977211,40,-5,America/New_York
"Garland Airport",44.8065278,-84.2761944,1218,-5,America/New_York
"Richland Airport",43.2833575,-90.2982819,742,-6,America/Chicago
"Bamberg County Airport",33.3045278,-81.1084167,231,-5,America/New_York
"Covington Municipal Airport",33.6323083,-83.8474472,809,-5,America/New_York
"Barwick Lafayette Airport",34.6884792,-85.2903319,777,-5,America/New_York
"Rock Airport",40.6035463,-79.8261189,1063,-5,America/New_York
"Phoenix Regional Airport",32.99169921875,-111.920997619629,1300,-7,America/Phoenix
"Colorado Springs East",38.87,-104.41,6145,-7,America/Denver
"Apalachicola Regional Airport",29.7276066,-85.0274416,20,-5,America/New_York
"Andrau Airport",29.43,-95.35,80,-6,America/Chicago
"Lehigh Valley Intl",40.652083,-75.440806,393,-5,America/New_York
"Abilene Rgnl",32.411319,-99.681897,1791,-6,America/Chicago
"Ambler Airport",67.106389,-157.8575,334,-9,America/Anchorage
"Albuquerque International Sunport",35.0402222,-106.6091944,5355,-7,America/Denver
"Aberdeen Regional Airport",45.4491,-98.4218,1302,-6,America/Chicago
"Southwest Georgia Regional Airport",31.5355,-84.1945,197,-5,America/New_York
"Jimmy Carter Regional",32.0665,-84.1133,468,-5,America/New_York
"Nantucket Mem",41.253053,-70.060181,48,-5,America/New_York
"Waco Rgnl",31.611289,-97.230519,516,-6,America/Chicago
Arcata,40.978111,-124.108611,221,-8,America/Los_Angeles
"Atlantic City Intl",39.457583,-74.577167,75,-5,America/New_York
"Adak Airport",51.878,-176.646,18,-9,America/Anchorage
"Ardmore Muni",34.300833,-97.008889,762,-6,America/Chicago
Kodiak,57.749967,-152.493856,78,-9,America/Anchorage
Addison,32.9685594,-96.8364478,644,-6,America/Chicago
"Andrews Afb",38.810806,-76.867028,280,-5,America/New_York
"Allakaket Airport",66.5519,-152.6222,441,-9,America/Anchorage
"Alexandria Intl",31.3274,-92.549833,89,-6,America/Chicago
"Kake Airport",56.961389,-133.910278,172,-9,America/Anchorage
"Fort Worth Alliance Airport",32.987778,-97.318889,722,-6,America/Chicago
"Allegheny County Airport",40.3544,-79.9302,1252,-5,America/New_York
"Angoon Seaplane Base",57.503611,-134.585,0,-9,America/Anchorage
"Augusta Rgnl At Bush Fld",33.369944,-81.9645,144,-5,America/New_York
"Athens Ben Epps Airport",33.9486,-83.3263,808,-5,America/New_York
"Alliance Municipal Airport",42.053333,-102.803889,3931,-7,America/Denver
"Municipal Airport",33.6493889,-81.6850278,529,-5,America/New_York
"Wainwright Airport",70.638056,-159.994722,41,-9,America/Anchorage
"Lee C Fine Memorial Airport",38.096035,-92.5494875,869,-6,America/Chicago
"Atka Airport",52.220278,-174.206389,56,-9,America/Anchorage
"Akron Fulton Intl",41.0375,-81.466917,1067,-5,America/New_York
"Akiak Airport",60.902778,-161.230556,30,-9,America/Anchorage
"Akhiok Airport",56.938611,-154.1825,44,-9,America/Anchorage
"King Salmon",58.676778,-156.649278,68,-9,America/Anchorage
"Anaktuvuk Pass Airport",68.1336,-151.743,2103,-9,America/Anchorage
"Albany Intl",42.748267,-73.801692,285,-5,America/New_York
"Alice Intl",27.740889,-98.026944,178,-6,America/Chicago
"Alamogordo White Sands Regional Airport",32.8399,-105.991,4200,-7,America/Denver
"Waterloo Regional Airport",42.5571,-92.4003,873,-6,America/Chicago
"San Luis Valley Regional Airport",37.435,-105.866667,7539,-7,America/Denver
"Walla Walla Regional Airport",46.0949,-118.288,1191,-8,America/Los_Angeles
Alexandria,38.806346,-77.0621,1,-5,America/New_York
"Alitak Seaplane Base",56.899444,-154.247778,0,-9,America/Anchorage
"Rick Husband Amarillo Intl",35.219369,-101.705931,3607,-6,America/Chicago
"Anniston Metro",33.588167,-85.858111,612,-6,America/Chicago
"Ted Stevens Anchorage Intl",61.174361,-149.996361,152,-9,America/Anchorage
"Anderson Rgnl",34.494583,-82.709389,782,-5,America/New_York
"Aniak Airport",61.5816,-159.543,88,-9,America/Anchorage
"Annette Island",55.042436,-131.572233,119,-9,America/Anchorage
"Lee Airport",38.942778,-76.568333,34,-5,America/New_York
"Tri-State Steuben County Airport",41.6396983,-85.0834933,995,-5,America/New_York
"Anvik Airport",62.6467,-160.191,309,-9,America/Anchorage
"Lima Allen County Airport",40.707478,-84.0270781,975,-5,America/New_York
"Altoona Blair Co",40.296372,-78.320022,1504,-5,America/New_York
"Amook Bay Seaplane Base",57.471389,-153.815278,0,-9,America/Anchorage
Centennial,39.570129,-104.849294,5883,-7,America/Denver
"Napa County Airport",38.2131944,-122.2806944,35,-8,America/Los_Angeles
"Naples Muni",26.152619,-81.775294,8,-5,America/New_York
"Phillips Aaf",39.466219,-76.168808,57,-5,America/New_York
"Alpena County Regional Airport",45.0781,-83.5603,689,-5,America/New_York
"Klawock Seaplane Base",55.554658,-133.101693,0,-9,America/Anchorage
"Acadiana Rgnl",30.037758,-91.883896,24,-6,America/Chicago
"Ann Arbor Municipal Airport",42.132274,-83.444418,839,-5,America/New_York
"Arctic Village Airport",68.1147,-145.579,2092,-9,America/Anchorage
"Watertown Intl",43.991922,-76.021739,325,-5,America/New_York
Lakeland,45.927778,-89.730833,1629,-6,America/Chicago
"Aspen Pitkin County Sardy Field",39.2232,-106.869,7820,-7,America/Denver
"Boire Field Airport",42.78175,-71.5147778,199,-5,America/New_York
"Astoria Regional Airport",46.157972,-123.878694,15,-8,America/Los_Angeles
"Atqasuk Edward Burnell Sr Memorial Airport",70.4673,-157.436,96,-9,America/Anchorage
"Hartsfield Jackson Atlanta Intl",33.636719,-84.428067,1026,-5,America/New_York
"Camp Mabry Austin City",30.31666,-97.7666,0,-6,America/Chicago
Appleton,44.257526,-88.507576,680,-6,America/Chicago
"Watertown Regional Airport",44.914,-97.1547,1748,-6,America/Chicago
"Augusta State",44.320647,-69.797317,352,-5,America/New_York
"Alakanuk Airport",62.68,-164.66,10,-9,America/Anchorage
"Auburn University Regional",32.3691,-85.2604,777,-6,America/Chicago
"Austin Bergstrom Intl",30.194528,-97.669889,542,-6,America/Chicago
"Wausau Downtown Airport",44.9262845,-89.6270018,1201,-6,America/Chicago
"Asheville Regional Airport",35.436194,-82.541806,2165,-5,America/New_York
Executive,27.591389,-81.528889,160,-5,America/New_York
"Wilkes Barre Scranton Intl",41.338478,-75.723403,962,-5,America/New_York
"Marana Regional",32.409556,-111.218388,2031,-7,America/Phoenix
Avalon,33.405,-118.415833,1602,-8,America/Los_Angeles
"Phoenix-Mesa Gateway",33.307833,-111.655,1382,-7,America/Phoenix
Kalamazoo,42.234875,-85.552058,874,-5,America/New_York
"Beale Afb",39.136089,-121.436567,113,-8,America/Los_Angeles
"Barksdale Afb",32.50182,-93.662674,166,-6,America/Chicago
"Barnes Municipal",42.1579472,-72.715875,270,-5,America/New_York
"Wings Field",40.1375,-75.265,302,-5,America/New_York
"Bryce Canyon",37.706444,-112.145806,7590,-7,America/Denver
"Boca Raton",26.3785,-80.107694,13,-5,America/New_York
"Baudette Intl",48.728444,-94.612222,1086,-6,America/Chicago
"Bradley Intl",41.938889,-72.683222,173,-5,America/New_York
"Igor I Sikorsky Mem",41.163472,-73.126167,9,-5,America/New_York
"Beech Factory Airport",37.6939167,-97.2149167,1409,-6,America/Chicago
"Laurence G Hanscom Fld",42.469953,-71.289031,133,-5,America/New_York
"Southwest Michigan Regional Airport",42.1285833,-86.4285,643,-5,America/New_York
Bethel,60.779778,-161.838,121,-9,America/Anchorage
"Bradford Regional Airport",41.8031,-78.6401,2143,-5,America/New_York
"Western Nebraska Regional Airport",41.874,-103.596,3967,-7,America/Denver
"Boeing Fld King Co Intl",47.53,-122.301947,21,-8,America/Los_Angeles
"Meadows Fld",35.433598,-119.05677,507,-8,America/Los_Angeles
"Mobile Downtown",30.626783,-88.068092,26,-6,America/Chicago
"Beaver Falls",40.7724722,-80.3914444,1253,-5,America/New_York
Beaufort,32.477411,-80.723161,37,-5,America/New_York
"Decatur County Industrial Air Park",30.9715981,-84.6369278,141,-5,America/New_York
"Greater Binghamton Edwin A Link Fld",42.208689,-75.979839,1636,-5,America/New_York
"Bangor Intl",44.807444,-68.828139,192,-5,America/New_York
"Hancock County - Bar Harbor",44.4497689,-68.3615653,83,-5,America/New_York
"Birmingham Intl",33.562942,-86.75355,644,-6,America/Chicago
"Block Island State Airport",41.168056,-71.577778,108,-5,America/New_York
"Biggs Aaf",31.849528,-106.380039,3948,-7,America/Denver
"Allen Aaf",63.994547,-145.721642,1291,-9,America/Anchorage
"Billings Logan International Airport",45.80921,-108.537654,3652,-7,America/Denver
"Bismarck Municipal Airport",46.775842,-100.757931,1661,-6,America/Chicago
"Tulip City Airport",42.7427778,-86.1078333,698,-5,America/New_York
"Keesler Afb",30.410425,-88.924433,33,-6,America/Chicago
"Rocky Mountain Metropolitan Airport",39.90888888,-105.11722222,5670,-7,America/Denver
"Bemidji Regional Airport",47.510722,-94.934722,1391,-6,America/Chicago
"Buckland Airport",65.981667,-161.149167,31,-9,America/Anchorage
"Stephens Co",32.719047,-98.891,1284,-6,America/Chicago
"Buckley Afb",39.701668,-104.75166,5662,-7,America/Denver
"Branson LLC",36.531994,-93.200556,1302,-6,America/Chicago
"Barking Sands Pmrf",22.022833,-159.785,23,-10,Pacific/Honolulu
"Burke Lakefront Airport",41.5175,-81.683333,583,-5,America/New_York
"Raleigh County Memorial Airport",37.7873,-81.1242,2504,-5,America/New_York
"Brookings Regional Airport",44.3048,-96.8169,1648,-6,America/Chicago
"Boulder City Municipal Airport",35.5651,-114.514,2201,-7,America/Phoenix
"Mercer County Airport",37.2958,-81.2077,2857,-5,America/New_York
"Blythe Airport",33.619167,-114.716889,399,-8,America/Los_Angeles
"Bellingham Intl",48.792694,-122.537528,170,-8,America/Los_Angeles
"Scott Afb Midamerica",38.545178,-89.835183,459,-6,America/Chicago
"Brigham City",41.552,-112.062,4229,-7,America/Denver
"Monroe County Airport",39.1460208,-86.6166805,846,-5,America/New_York
"Central Illinois Rgnl",40.477111,-88.915917,871,-6,America/Chicago
"Beaumont Municipal",30.0702044,-94.2150967,32,-6,America/Chicago
"Big Mountain Afs",59.361247,-155.258822,663,-9,America/Anchorage
"Nashville Intl",36.124472,-86.678194,599,-6,America/Chicago
"Boise Air Terminal",43.564361,-116.222861,2871,-7,America/Denver
"General Edward Lawrence Logan Intl",42.364347,-71.005181,19,-5,America/New_York
"Bartow Municipal Airport",27.9434,-81.7834,125,-5,America/New_York
"Southeast Texas Rgnl",29.950833,-94.020694,15,-6,America/Chicago
"Brunswick Golden Isles Airport",31.2588,-81.4665,26,-5,America/New_York
"Brainerd Lakes Rgnl",46.398308,-94.138078,1226,-6,America/Chicago
"Southeast Iowa Regional Airport",40.7832,-91.1255,698,-6,America/Chicago
"Brownsville South Padre Island Intl",25.906833,-97.425861,22,-6,America/Chicago
"Wiley Post Will Rogers Mem",71.285446,-156.766003,44,-9,America/Anchorage
"Bradshaw Aaf",19.760056,-155.553717,6190,-10,Pacific/Honolulu
"Barter Island Lrrs",70.133989,-143.581867,2,-9,America/Anchorage
"Bert Mooney Airport",45.954806,-112.497472,5550,-7,America/Denver
"Baton Rouge Metro Ryan Fld",30.533167,-91.149639,70,-6,America/Chicago
Bettles,66.913944,-151.529056,644,-9,America/Anchorage
"Burlington Intl",44.471861,-73.153278,335,-5,America/New_York
"Buffalo Niagara Intl",42.940525,-78.732167,724,-5,America/New_York
"Bob Hope",34.200667,-118.358667,778,-8,America/Los_Angeles
"Municipal Airport",42.6907171,-88.3046825,780,-6,America/Chicago
"Burlington-Alamance Regional Airport",36.0485433,-79.4748892,617,-5,America/New_York
"Beverly Municipal Airport",42.584141,-70.9161444,107,-5,America/New_York
KBWD,31.7936111,-98.9565,1387,-6,America/Chicago
"Bowling Green-Warren County Regional Airport",36.9645278,-86.4196667,547,-6,America/Chicago
"Baltimore Washington Intl",39.175361,-76.668333,146,-5,America/New_York
"Buckeye Municipal Airport",33.420417,-112.68618,1033,-7,America/Phoenix
"Borrego Valley Airport",33.2590278,-116.3209722,520,-8,America/Los_Angeles
"Arkansas Intl",35.964347,-89.943956,254,-6,America/Chicago
"Bicycle Lake Aaf",35.280531,-116.630031,2350,-8,America/Los_Angeles
"Blakely Island Airport",48.56025,-122.80243,0,-8,America/Los_Angeles
"Gallatin Field",45.777643,-111.160151,4500,-7,America/Denver
"Grand Geneva Resort Airport",42.6149167,-88.3895833,835,-6,America/Chicago
"Frasca Field",40.144979,-88.200197,735,-6,America/Chicago
"Portage Municipal Airport",43.5603136,-89.4828607,825,-6,America/Chicago
"Plymouth Municipal Airport",41.3651307,-86.3002574,800,-5,America/New_York
"Sylvania Airport",42.70325,-87.9589722,785,-6,America/Chicago
"Dowagiac Municipal Airport",41.9929342,-86.1280125,748,-5,America/New_York
"Columbia Metropolitan",33.938833,-81.119528,236,-5,America/New_York
"Akron Canton Regional Airport",40.9160833,-81.4421944,1228,-5,America/New_York
"Caribou Muni",46.8715,-68.017917,626,-5,America/New_York
"Greater Cumberland Rgnl.",39.615278,-78.760556,775,-5,America/New_York
"Columbus Afb",33.643833,-88.443833,219,-6,America/Chicago
"Coweta County Airport",33.3115656,-84.7697554,970,-5,America/New_York
"Buchanan Field Airport",37.9896667,-122.0568889,26,-8,America/Los_Angeles
"Cold Bay",55.206061,-162.725436,96,-9,America/Anchorage
"Cedar City Rgnl",37.700967,-113.098847,5622,-7,America/Denver
"Cambridge Municipal Airport",39.9750278,-81.5775833,799,-5,America/New_York
CedarKey,29.1342222,-83.0504722,11,-5,America/New_York
"Woodward Field",34.2835833,-80.5648611,302,-5,America/New_York
"Chadron Municipal Airport",42.8375,-103.095556,3297,-7,America/Denver
"Childress Muni",34.433781,-100.287992,1954,-6,America/Chicago
"Merle K Mudhole Smith",60.491778,-145.477556,48,-9,America/Anchorage
"Caldwell Essex County Airport",40.8752222,-74.2813611,172,-5,America/New_York
"Del Norte County Airport",41.7802,-124.237,57,-8,America/Los_Angeles
"Westover Arb Metropolitan",42.194014,-72.534783,241,-5,America/New_York
"Central Airport",65.573889,-144.780833,937,-9,America/Anchorage
Clemson,34.6722222,-82.8858889,891,-5,America/New_York
"Bob Sikes",30.778833,-86.522111,213,-6,America/Chicago
"Cortez Muni",37.303,-108.628056,5918,-7,America/Denver
"Coulter Fld",30.715694,-96.331361,367,-6,America/Chicago
"Craig Seaplane Base",55.478889,-133.147778,0,-9,America/Anchorage
"Crystal River",28.8676111,-82.5741111,9,-5,America/New_York
"Cuyahoga County",41.565124,-81.4863555,879,-5,America/New_York
"Cape Girardeau Regional Airport",37.2253,-89.5708,342,-6,America/Chicago
"Meigs Field",41.860278,-87.609722,585,-6,America/Chicago
"Casa Grande Municipal Airport",32.954889,-111.766832,1464,-7,America/Phoenix
"Lovell Fld",35.035278,-85.203808,683,-5,America/New_York
"All Airports",41.883611,-87.631667,596,-6,America/Chicago
Charlottesville-Albemarle,38.138639,-78.452861,639,-5,America/New_York
"Charleston Afb Intl",32.898647,-80.040528,45,-5,America/New_York
"Chuathbaluk Airport",61.579167,-159.215556,243,-9,America/Anchorage
"Chico Muni",39.795383,-121.858422,238,-8,America/Los_Angeles
"Cedar Rapids",41.884694,-91.710806,869,-6,America/Chicago
"Chalkyitsik Airport",66.645,-143.74,544,-9,America/Anchorage
"Council Airport",64.897778,-163.703333,85,-9,America/Anchorage
"Chippewa County International Airport",46.2508,-84.4724,800,-5,America/New_York
"Harrison Marion Regional Airport",39.2966,-80.2281,1217,-5,America/New_York
"Crooked Creek Airport",61.867778,-158.135,178,-9,America/Anchorage
"Crisp County Cordele Airport",31.9888333,-83.7739167,310,-5,America/New_York
"Clarksville-Montgomery County Regional Airport",36.621944,-87.415,550,-6,America/Chicago
"Clear Lake Metroport",29.5569,-95.137497,35,-6,America/Chicago
"McClellan-Palomar Airport",33.0742,-117.1648,328,-8,America/Los_Angeles
"Cleveland Hopkins Intl",41.411689,-81.849794,791,-5,America/New_York
"Easterwood Fld",30.588583,-96.363833,321,-6,America/Chicago
"William R Fairchild International Airport",48.1202,-123.5,291,-8,America/Los_Angeles
Chehalis-Centralia,46.4062,-122.5897,177,-8,America/Los_Angeles
"Charlotte Douglas Intl",35.214,-80.943139,748,-5,America/New_York
"Clearwater Air Park",27.9764722,-82.7586667,70,-5,America/New_York
"Port Columbus Intl",39.997972,-82.891889,815,-5,America/New_York
Champaign,40.03925,-88.278056,754,-6,America/Chicago
"Houghton County Memorial Airport",47.1684,-88.4891,1095,-5,America/New_York
"Cavern City Air Terminal",32.337472,-104.263278,3295,-7,America/Denver
"Tstc Waco",31.637831,-97.074139,470,-6,America/Chicago
"Canyonlands Field",38.755,-109.754722,4555,-7,America/Denver
"Yellowstone Rgnl",44.520194,-109.023806,5102,-7,America/Denver
"Pappy Boyington",47.7743056,-116.8195833,2320,-8,America/Los_Angeles
"Patrick Afb",28.234922,-80.610125,8,-5,America/New_York
"Merritt Island Airport",28.3416111,-80.6854722,6,-5,America/New_York
"Concord Municipal",43.20267,-71.50233,342,-5,America/New_York
"City Of Colorado Springs Muni",38.805805,-104.700778,6187,-7,America/Denver
"Cotulla Lasalle Co",28.456694,-99.220294,474,-6,America/Chicago
"Columbia Rgnl",38.818094,-92.219631,889,-6,America/Chicago
"Natrona Co Intl",42.908,-106.464417,5347,-7,America/Denver
"St. Louis Downtown Airport",38.5707244,-90.1562211,413,-6,America/Chicago
"Grand Strand Airport",33.81175,-78.7239444,31,-5,America/New_York
"Corpus Christi Intl",27.770361,-97.501222,44,-6,America/Chicago
Yeager,38.373147,-81.593189,981,-5,America/New_York
"Columbus Metropolitan Airport",32.5163333,-84.9388611,397,-5,America/New_York
"Cut Bank Muni",48.608353,-112.376144,3854,-7,America/Denver
"Chester County G O Carlson Airport",39.9789,-75.8654,660,-5,America/New_York
"West Georgia Regional Airport - O V Gray Field",33.6316964,-85.1522641,1165,-5,America/New_York
"Cross City",29.6355278,-83.10475,42,-5,America/New_York
"Cincinnati Northern Kentucky Intl",39.048836,-84.667822,896,-5,America/New_York
"Clovis Muni",34.425139,-103.079278,4216,-7,America/Denver
"Corvallis Muni",44.5067,-123.2915,250,-8,America/Los_Angeles
"Cannon Afb",34.382775,-103.322147,4295,-7,America/Denver
"Charlevoix Municipal Airport",45.3047778,-85.2753333,669,-5,America/New_York
"Central Wisconsin",44.772726,-89.646635,840,-6,America/Chicago
"Clinton Municipal",41.83075,-90.3289722,708,-6,America/Chicago
"Chatsworth Station",34.256944,-118.598889,978,-8,America/Los_Angeles
"Coldfoot Airport",67.251389,-150.176111,1014,-9,America/Anchorage
"Calexico Intl",32.669502,-115.51333,4,-8,America/Los_Angeles
"Lone Star Executive",30.351833,-95.414467,245,-6,America/Chicago
"Capital City Airport",40.2171389,-76.8513611,347,-5,America/New_York
"Chefornak Airport",60.149167,-164.285556,40,-9,America/Anchorage
"Chatham Seaplane Base",57.515,-134.946111,0,-9,America/Anchorage
"Cheyenne Rgnl Jerry Olson Fld",41.155722,-104.811839,6156,-7,America/Denver
"Yakataga Airport",60.081901,-142.493611,12,-9,America/Anchorage
"Cape Romanzof Lrrs",61.780297,-166.038747,457,-9,America/Anchorage
Tri-Cities,42.0471,-76.0578,833,-5,America/New_York
"Chisana Airport",62.071111,-142.048333,1011,-9,America/Anchorage
"Daytona Beach Intl",29.179917,-81.058056,34,-5,America/New_York
"Dallas Love Fld",32.847111,-96.851778,487,-6,America/Chicago
"Skyhaven Airport",43.2840556,-70.9292778,321,-5,America/New_York
"James M Cox Dayton Intl",39.902375,-84.219375,1009,-5,America/New_York
"W H Barron Field",32.3388,-82.591,311,-5,America/New_York
"Dubuque Rgnl",42.402,-90.709472,1076,-6,America/Chicago
"Ronald Reagan Washington Natl",38.852083,-77.037722,15,-5,America/New_York
"Dodge City Regional Airport",37.7634,-99.9656,2594,-6,America/Chicago
Decatur,39.834564,-88.865689,682,-6,America/Chicago
"Denver Intl",39.861656,-104.673178,5431,-7,America/Denver
"Coleman A Young Muni",42.409195,-83.009861,626,-5,America/New_York
"Dallas Fort Worth Intl",32.896828,-97.037997,607,-6,America/Chicago
"Douglas Municipal Airport",31.3426028,-109.5064544,4173,-7,America/Phoenix
"Deer Harbor Seaplane",48.618397,-123.00596,0,-8,America/Los_Angeles
"Dothan Rgnl",31.321339,-85.449628,401,-6,America/Chicago
"Dalhart Muni",36.022586,-102.547278,3991,-6,America/Chicago
"Dickinson Theodore Roosevelt Regional Airport",46.7975,-102.801944,2592,-7,America/Denver
"De Kalb Taylor Municipal Airport",41.9338342,-88.7056864,914,-6,America/Chicago
"Chautauqua County-Dunkirk Airport",42.4933353,-79.2720417,693,-5,America/New_York
"Knoxville Downtown Island Airport",35.9638333,-83.8736667,833,-5,America/New_York
"Laughlin Afb",29.359486,-100.777975,1082,-6,America/Chicago
Dillingham,59.044667,-158.5055,74,-9,America/Anchorage
"Duluth Intl",46.842091,-92.193649,1428,-6,America/Chicago
"Baraboo Wisconsin Dells Airport",43.5217843,-89.7709266,979,-6,America/Chicago
"Davis Monthan Afb",32.166467,-110.883144,2704,-7,America/Phoenix
"Daniel Field Airport",33.4665028,-82.0393808,423,-5,America/New_York
"Dalton Municipal Airport",34.7229444,-84.87025,709,-5,America/New_York
"Vermilion Regional",40.1996944,-87.5955278,696,-6,America/Chicago
"Dover Afb",39.129539,-75.465958,28,-5,America/New_York
Dupage,41.907778,-88.248611,758,-6,America/Chicago
"Douglas Municipal Airport",31.4767385,-82.8605664,257,-5,America/New_York
"Deering Airport",66.0696,-162.766,21,-9,America/Anchorage
"Beauregard Rgnl",30.831722,-93.339917,202,-6,America/Chicago
"Drummond Island Airport",46.0093114,-83.7439342,668,-5,America/New_York
"Durango La Plata Co",37.151516,-107.75377,6685,-7,America/Denver
"Del Rio Intl",29.374208,-100.927158,1002,-6,America/Chicago
"Des Moines Intl",41.533972,-93.663083,958,-6,America/Chicago
"Delta Municipal Airport",39.3806386,-112.5077147,4759,-7,America/Denver
Destin,30.4000611,-86.4714772,23,-6,America/Chicago
"Detroit Metro Wayne Co",42.212444,-83.353389,645,-5,America/New_York
"Halliburton Field Airport",34.4713056,-97.9598611,1114,-6,America/Chicago
"Bisbee Douglas Intl",31.469028,-109.603667,4154,-7,America/Phoenix
"DuBois Regional Airport",41.1783,-78.8987,1817,-5,America/New_York
Unalaska,53.900139,-166.5435,22,-9,America/Anchorage
"Devils Lake Regional Airport",48.114444,-98.908611,1445,-6,America/Chicago
"Deer Valley Municipal Airport",33.4117,112.457,1478,8,Asia/Chongqing
"Yolo County Airport",38.5793889,-121.8569444,100,-8,America/Los_Angeles
"David Wayne Hooks Field",30.063746,-95.554276,152,-6,America/Chicago
Orlando,28.398,-81.57,340,-5,America/New_York
"Danbury Municipal Airport",41.3715353,-73.4821906,458,-5,America/New_York
"Dyess Afb",32.420756,-99.8546,1789,-6,America/Chicago
"Wickenburg Municipal Airport",33.96889877,-112.7990036,2377,-7,America/Phoenix
"Bagdad Airport",34.5958528,-113.170195,4183,-7,America/Phoenix
"Ocean Ridge Airport",38.8016111,-123.5306389,940,-8,America/Los_Angeles
"Gila Bend Municipal Airport",32.960169,-112.673636,789,-7,America/Phoenix
"Chinle Municipal Airport",36.1108806,-109.5754222,5547,-7,America/Denver
"Eagle Airport",64.778056,-141.149722,908,-9,America/Anchorage
"Kearney Municipal Airport",40.727,-99.0068,2131,-6,America/Chicago
"Pangborn Field",47.398,-120.206,1249,-8,America/Los_Angeles
"Chippewa Valley Regional Airport",44.8658,-91.4843,913,-6,America/Chicago
"Iosco County",44.311,-83.422,606,-5,America/New_York
"Elizabeth City Cgas Rgnl",36.260581,-76.174572,12,-5,America/New_York
"Panama City-NW Florida Bea.",30.3417,-85.7973,69,-6,America/Chicago
"Elmendorf Afb",61.250986,-149.806503,212,-9,America/Anchorage
"Edwards Afb",34.905417,-117.883739,2302,-8,America/Los_Angeles
"Eek Airport",60.213611,-162.043889,15,-9,America/Anchorage
"Dillant Hopkins Airport",72.270833,42.898333,149,-5,\N
"Shelby County Airport",33.1777778,-86.7832222,586,-6,America/Chicago
"Ellington Fld",29.607333,-95.15875,32,-6,America/Chicago
"Eagle County Airport",39.6427611,-106.9159347,6548,-7,America/Denver
"Eagle Co Rgnl",39.642556,-106.917694,6540,-7,America/Denver
"Wellington Municipal",37.39411,-97.423225,1277,-6,America/Chicago
"Eagle River",45.932333,-89.268283,1642,-6,America/Chicago
"Egegik Airport",58.185556,-157.375556,92,-9,America/Anchorage
"Cape Newenham Lrrs",58.646428,-162.062778,541,-9,America/Anchorage
"Eielson Afb",64.665667,-147.1015,548,-9,America/Anchorage
"Elkhart Municipal",41.719444,-86.003333,778,-5,America/New_York
"Elkins Randolph Co Jennings Randolph",38.889444,-79.857139,1987,-5,America/New_York
"Elko Regional Airport",40.8249,-115.792,5140,-8,America/Los_Angeles
Bessemer,33.1876,-86.5558,700,-6,America/Chicago
"South Arkansas Rgnl At Goodwin Fld",33.220972,-92.813278,277,-6,America/Chicago
"Elim Airport",64.615,-162.270556,162,-9,America/Anchorage
"Elmira Corning Rgnl",42.159889,-76.891611,954,-5,America/New_York
"El Paso Intl",31.80725,-106.377583,3958,-7,America/Denver
"Elfin Cove Seaplane Base",58.195278,-136.3475,0,-9,America/Anchorage
"Ely Airport",39.299722,-114.841944,6259,-8,America/Los_Angeles
"Emmonak Airport",62.786111,-164.490833,13,-9,America/Anchorage
"Emporia Municipal Airport",38.3321,-96.1912,1208,-6,America/Chicago
"Kenai Muni",60.573111,-151.245,99,-9,America/Anchorage
"Vance Afb",36.339167,-97.9165,1307,-6,America/Chicago
Wendover,40.718694,-114.030889,4237,-7,America/Denver
"Kenosha Regional Airport",42.5956944,-87.9278056,742,-6,America/Chicago
"Keokuk Municipal Airport",40.4599078,-91.4285011,671,-6,America/Chicago
"Eastport Municipal Airport",44.9101111,-67.0126944,45,-5,America/New_York
"Monroe Reqional Airport",35.01833,-80.62001,679,-5,America/New_York
"Erie Intl Tom Ridge Fld",42.082022,-80.176217,733,-5,America/New_York
"Kerrville Municipal Airport",29.9766667,-99.0854722,1617,-6,America/Chicago
"Luce County Airport",46.311199,-85.457298,869,-5,America/New_York
"Delta County Airport",45.722778,-87.093611,609,-5,America/New_York
"Orcas Island Airport",48.708056,-122.910556,31,-8,America/Los_Angeles
"Esler Rgnl",31.394903,-92.295772,112,-6,America/Chicago
"Easton-Newnam Field Airport",38.8041667,-76.069,72,-5,America/New_York
"Weedon Field",31.5708,-85.0774,285,-6,America/Chicago
"Mahlon Sweet Fld",44.124583,-123.211972,374,-8,America/Los_Angeles
"Evansville Regional",38.036997,-87.532364,418,-6,America/Chicago
"Evanston-Uinta CO Burns Fld",41.1649,-111.0208,7143,-7,America/Denver
"New Bedford Regional Airport",41.6761,-70.9569,80,-5,America/New_York
"Newton City-County Airport",38.0570785,-97.2752278,1533,-6,America/Chicago
"Craven Co Rgnl",35.072972,-77.042944,18,-5,America/New_York
"Newark Liberty Intl",40.6925,-74.168667,18,-5,America/New_York
"Excursion Inlet Seaplane Base",58.420556,-135.449167,0,-9,America/Anchorage
"Key West Intl",24.556111,-81.759556,3,-5,America/New_York
"Seaplane Base",28.0575,-81.7628056,140,-5,America/New_York
"Felker Aaf",37.1325,-76.608841,12,-5,America/New_York
"Fairbanks Intl",64.815114,-147.856267,434,-9,America/Anchorage
"Hector International Airport",46.92065,-96.8157639,902,-6,America/Chicago
"Fresno Yosemite Intl",36.776194,-119.71814,336,-8,America/Los_Angeles
"Fayetteville Regional Grannis Field",34.9912,-78.8803,189,-5,America/New_York
"Fredericksburg Amtrak Station",38.298416,-77.456875,130,-5,America/New_York
"Ladd Aaf",64.8375,-147.614444,454,-9,America/Anchorage
"Fort Bridger",41.236,-110.2436,7038,-7,America/Denver
"Friday Harbor Seaplane Base",48.537222,-123.009722,0,-8,America/Los_Angeles
"Glacier Park Intl",48.310472,-114.256,2977,-7,America/Denver
"Flying Cloud Airport",44.4938,-93.2726,906,-6,America/Chicago
"Butts Aaf",38.678394,-104.756581,5838,-7,America/Denver
"Fairfield County Airport",34.315472,-81.108806,577,-5,America/New_York
"Findlay Airport",41.0120278,-83.6686111,819,-5,America/New_York
"First Flight Airport",36.02,-75.67,13,-5,America/New_York
"Atlanta Regional Airport - Falcon Field",33.35725,-84.5718333,808,-5,America/New_York
"Wright Patterson Afb",39.826111,-84.048332,823,-5,America/New_York
"Capital City Airport",38.1819722,-84.9061389,812,-5,America/New_York
"Mesa Falcon Field",33.4608001708984,-111.727996826172,1394,-7,America/Phoenix
"Sierra Vista Muni Libby Aaf",31.588472,-110.344389,4719,-7,America/Phoenix
"Fitchburg Municipal Airport",42.5541111,-71.7589722,348,-5,America/New_York
Franklin,41.377874,-79.860362,1540,-5,America/New_York
"Fond Du Lac County Airport",43.7711667,-88.4884167,808,-6,America/Chicago
"Flagstaff Pulliam Airport",35.140318,-111.6692392,7015,-7,America/Phoenix
"Fort Lauderdale Hollywood Intl",26.072583,-80.15275,9,-5,America/New_York
"Florence Rgnl",34.185361,-79.723889,146,-5,America/New_York
"Sherman Aaf",39.368332,-94.914686,772,-6,America/Chicago
Tipton,39.085386,-76.759414,150,-5,America/New_York
"Otis Angb",41.658439,-70.521417,131,-5,America/New_York
"Four Corners Rgnl",36.74125,-108.229944,5506,-7,America/Denver
"Page Fld",26.586611,-81.86325,17,-5,America/New_York
"Fort Collins Loveland Muni",40.451828,-105.011336,5016,-7,America/Denver
"Funter Bay Seaplane Base",58.254444,-134.897778,0,-9,America/Anchorage
"Bishop International",42.965424,-83.743629,782,-5,America/New_York
"Fort Dodge Rgnl",42.5512,-94.191842,1157,-6,America/Chicago
"Forbes Fld",38.950944,-95.663611,1078,-6,America/Chicago
"Francis S Gabreski",40.843656,-72.631789,67,-5,America/New_York
"Friday Harbor Airport",48.521944,-123.024444,113,-8,America/Los_Angeles
"Marshall Aaf",39.055275,-96.764453,1063,-6,America/Chicago
"Bryant Ahp",61.266381,-149.653119,378,-9,America/Anchorage
"St Lucie County International Airport",27.497472,-80.372638,23,-5,America/New_York
"Sioux Falls",43.582014,-96.741914,1429,-6,America/Chicago
"Henry Post Aaf",34.649833,-98.402167,1189,-6,America/Chicago
"Fort Smith Rgnl",35.336583,-94.367444,469,-6,America/Chicago
"Fort Stockton Pecos Co",30.915667,-102.916139,3011,-6,America/Chicago
"Godman Aaf",37.907058,-85.972106,756,-5,America/New_York
"Fort Worth Meacham Intl",32.819778,-97.362444,710,-6,America/Chicago
"Fulton County Airport Brown Field",33.7791,-84.5214,841,-5,America/New_York
"Fullerton Municipal Airport",33.521925,-117.584722,96,-8,America/Los_Angeles
"Fort Wayne",40.978472,-85.195139,815,-5,America/New_York
"Fort Lauderdale Executive",26.197281,-80.170706,13,-5,America/New_York
"Fort Yukon",66.571492,-145.250417,433,-9,America/Anchorage
"Drake Fld",36.005094,-94.170059,1251,-6,America/Chicago
"Fitzgerald Municipal Airport",31.6839046,-83.2709036,365,-5,America/New_York
"Fostoria Metropolitan Airport",41.1908333,-83.3930833,752,-5,America/New_York
"Northeast Alabama Regional Airport",33.9726489,-86.0890834,569,-6,America/Chicago
"Montgomery County Airpark",39.1006,-77.09576,0,-5,America/New_York
"Edward G Pitka Sr",64.736178,-156.937417,152,-9,America/Anchorage
"Gambell Airport",63.7668,-171.733,27,-9,America/Anchorage
"Great Bend Municipal",38.344167,-98.859167,1887,-6,America/Chicago
"Gillette-Campbell County Airport",44.3489167,-105.5393611,4365,-7,America/Denver
"Garden City Rgnl",37.927528,-100.724417,2891,-6,America/Chicago
"Grand Canyon National Park Airport",35.9523611,-112.1469722,6609,-7,America/Phoenix
"Grand Canyon West Airport",35.5925,-113.4859,4825,-7,America/Phoenix
"Dawson Community Airport",47.138611,-104.807222,749,-7,America/Denver
"Gladwin Zettel Memorial Airport",43.9705893,-84.47502,774,-5,America/New_York
"Sussex Co",38.689194,-75.358889,50,-5,America/New_York
"Spokane Intl",47.619861,-117.533833,2376,-8,America/Los_Angeles
"Glendale Municipal Airport",33.5269167,-112.2951389,1071,-7,America/Phoenix
"Grand Forks Intl",47.949256,-97.176111,845,-6,America/Chicago
"Floyd Bennett Memorial Airport",43.341222,-73.610305,328,-5,America/New_York
"Georgetown County Airport",33.3114018,-79.3203139,40,-5,America/New_York
"East Texas Rgnl",32.384014,-94.711486,365,-6,America/Chicago
"Wokal Field Glasgow International Airport",48.2125,-106.615,2296,-7,America/Denver
"Marshfield Municipal Airport",42.09825,-70.6721389,9,-5,America/New_York
"Gilbert Airport",28.062778,-81.753333,145,-5,America/New_York
"Grand Junction Regional",39.122413,-108.526735,4858,-7,America/Denver
Gulkana,62.154888,-145.456639,1580,-9,America/Anchorage
"Arlington Municipal",32.6638611,-97.0942778,628,-6,America/Chicago
"Renner Fld",39.370621,-101.698992,3656,-7,America/Denver
"Mid Delta Regional Airport",33.4829,-90.9856,131,-6,America/Chicago
"Scholes Intl At Galveston",29.265322,-94.860406,6,-6,America/Chicago
"Golovin Airport",64.550556,-163.007222,59,-9,America/Anchorage
"Grants Milan Muni",35.167286,-107.901989,6537,-7,America/Denver
"Goodnews Airport",59.1175,-161.5775,15,-9,America/Anchorage
"Gainesville Rgnl",29.690056,-82.271778,152,-5,America/New_York
"Groton New London",41.330056,-72.045139,9,-5,America/New_York
Gulfport-Biloxi,30.407278,-89.070111,28,-6,America/Chicago
"Grand Rapids Itasca County",47.211111,-93.509722,413,-6,America/Chicago
"Galion Municipal Airport",40.7533889,-82.7238056,1224,-5,America/New_York
"Austin Straubel Intl",44.485072,-88.129589,695,-6,America/Chicago
"Gray Aaf",47.079217,-122.580783,302,-8,America/Los_Angeles
"Central Nebraska Regional Airport",40.9675,-98.3096,1847,-6,America/Chicago
"Robert Gray Aaf",31.06725,-97.828917,1015,-6,America/Chicago
"Grand Marais Cook County Airport",47.8383333,-90.3829444,1799,-6,America/Chicago
"Gerald R Ford Intl",42.880833,-85.522806,794,-5,America/New_York
"Seymour Johnson Afb",35.339383,-77.960589,110,-5,America/New_York
"Piedmont Triad",36.09775,-79.937306,925,-5,America/New_York
"Greenville-Spartanburg International",34.895556,-82.218889,964,-5,America/New_York
"Gustavus Airport",58.4253,-135.707,34,-9,America/Anchorage
"Wheeler Sack Aaf",44.055619,-75.719458,690,-5,America/New_York
"Great Falls Intl",47.482,-111.370689,3677,-7,America/Denver
"Golden Triangle Regional Airport",33.450333,-88.591361,264,-6,America/Chicago
"Georgetown Municipal Airport",30.678809,-97.6793837,790,-6,America/Chicago
"Gunnison - Crested Butte",38.533889,-106.933056,7678,-7,America/Denver
"Gallup Muni",35.511058,-108.789308,6472,-7,America/Denver
"Grissom Arb",40.648094,-86.152119,812,-5,America/New_York
"Lee Gilmer Memorial Airport",34.272627,-83.8302233,1276,-5,America/New_York
"Genesee County Airport",43.03175,-78.1696667,914,-5,America/New_York
Majors,33.067839,-96.065333,535,-6,America/Chicago
"Greenwood Leflore",33.494328,-90.084706,162,-6,America/Chicago
"Gary Chicago International Airport",41.6163,-87.4128,591,-6,America/Chicago
"Hattiesburg Bobby L. Chain Municipal Airport",31.2649444,-89.2528889,151,-6,America/Chicago
"Hobart Muni",34.991308,-99.051353,1564,-6,America/Chicago
"Columbia County",42.2913,-73.7103,198,-5,America/New_York
"Holy Cross Airport",62.1883,-159.775,70,-9,America/Anchorage
Dillingham,21.579475,-158.197281,14,-10,Pacific/Honolulu
"Hardwick Field Airport",35.2199994,-84.832369,874,-5,America/New_York
"Yampa Valley",40.481181,-107.21766,6602,-7,America/Denver
"Hondo Municipal Airport",29.3591,-99.1775,930,-6,America/Chicago
"Hartford Brainard",41.736722,-72.649444,18,-5,America/New_York
"Hagerstown Regional Richard A Henson Field",39.7079,-77.7295,704,-5,America/New_York
"Hilton Head",32.216,-80.752,10,-5,America/New_York
"Wheeler Aaf",21.4835,-158.039667,837,-10,Pacific/Honolulu
"Jack Northrop Fld Hawthorne Muni",33.922839,-118.335186,66,-8,America/Los_Angeles
"Chisholm Hibbing",47.3866,-92.838994,1353,-6,America/Chicago
"Hill Afb",41.123939,-111.973039,4789,-7,America/Denver
"Lake Havasu City Airport",34.5711111,-114.3582778,783,-7,America/Phoenix
"Portland Hillsboro",45.540394,-122.949825,204,-8,America/Los_Angeles
"Healy River Airport",63.8675,-148.968889,1263,-9,America/Anchorage
"Hickory Rgnl",35.741147,-81.38955,1189,-5,America/New_York
"Wheeling Ohio County Airport",40.175,-80.6463,1195,-5,America/New_York
"Helena Rgnl",46.606806,-111.98275,3877,-7,America/Denver
"Hood Aaf",31.138731,-97.714469,924,-6,America/Chicago
"Holloman Afb",32.852519,-106.106525,4093,-7,America/Denver
"Hoonah Airport",58.096111,-135.409722,19,-9,America/Anchorage
"Honolulu Intl",21.318681,-157.922428,13,-10,Pacific/Honolulu
Hana,20.795636,-156.014439,78,-10,Pacific/Honolulu
"Haines Airport",59.2438,-135.524,15,-9,America/Anchorage
"Lea Co Rgnl",32.687528,-103.217028,3661,-7,America/Denver
Homer,59.645556,-151.476583,84,-9,America/Anchorage
"Huron Rgnl",44.3852,-98.228542,1289,-6,America/Chicago
"Campbell Aaf",36.668567,-87.496183,573,-6,America/Chicago
"Memorial Field",34.478,-93.0962,540,-6,America/Chicago
"William P Hobby",29.645419,-95.278889,46,-6,America/Chicago
"Hooper Bay Airport",61.5239,-166.147,7,-9,America/Anchorage
"Westchester Co",41.066959,-73.707575,439,-5,America/New_York
"Bowerman Field",46.9711944,-123.9365556,18,-8,America/Los_Angeles
"McDuffie County Airport",33.5297315,-82.5169509,501,-5,America/New_York
"Valley Intl",26.2285,-97.654389,36,-6,America/Chicago
"Boone Co",36.261519,-93.154728,1365,-6,America/Chicago
"Hurlburt Fld",30.427803,-86.689278,38,-6,America/Chicago
"Henderson Executive Airport",35.972778,-115.134444,1881,-8,America/Los_Angeles
"Huslia Airport",65.697778,-156.351389,213,-9,America/Anchorage
"Homestead Arb",25.48855,-80.383567,6,-5,America/New_York
"Huntsville International Airport-Carl T Jones Field",34.6371944,-86.7750556,629,-6,America/Chicago
"Roscommon Co",44.359806,-84.671112,1150,-5,America/New_York
"Tri State Milton J Ferguson Field",38.3667,-82.558,828,-5,America/New_York
"Redstone Aaf",34.678653,-86.684781,685,-6,America/Chicago
"Terre Haute Intl Hulman Fld",39.451464,-87.307561,589,-5,America/New_York
"Houlton Intl",46.123083,-67.792056,489,-5,America/New_York
"Hughes Airport",66.039167,-154.264722,299,-9,America/Anchorage
"Hutchinson Municipal Airport",38.0655,-97.8606,1543,-6,America/Chicago
"Tweed-New Haven Airport",41.26375,-72.886806,14,-5,America/New_York
"Havre City Co",48.542983,-109.762342,2590,-7,America/Denver
"Hayward Executive Airport",37.6588888888889,-122.121666666667,52,-8,America/Los_Angeles
"North Perry",26.001222,-80.240722,8,-5,America/New_York
"Hilton Head Airport",32.2243611,-80.6974722,19,-5,America/New_York
"Barnstable Muni Boardman Polando Fld",41.669336,-70.280356,55,-5,America/New_York
"Hydaburg Seaplane Base",55.206389,-132.828333,0,-9,America/Anchorage
"Hollis Seaplane Base",55.481667,-132.646111,0,-9,America/Anchorage
"Hays Regional Airport",38.8422,-99.2732,1998,-6,America/Chicago
"Hazleton Municipal",40.989167,-76.0025,1603,-5,America/New_York
"Mc Connell Afb",37.621853,-97.268192,1371,-6,America/Chicago
"Washington Dulles Intl",38.944533,-77.455811,313,-5,America/New_York
"Niagara Falls Intl",43.107333,-78.946194,589,-5,America/New_York
"George Bush Intercontinental",29.984433,-95.341442,97,-6,America/Chicago
"Bob Baker Memorial Airport",66.975833,-160.436667,166,-9,America/Anchorage
"Wichita Mid Continent",37.649944,-97.433056,1333,-6,America/Chicago
"Icy Bay Airport",59.968889,-141.661667,50,-9,America/Anchorage
"Idaho Falls Rgnl",43.514556,-112.07075,4744,-7,America/Denver
"Idlewild Intl",40.639751,-73.778924,13,-5,America/New_York
"Laughlin-Bullhead Intl",35.1574,-114.56,695,-7,America/Phoenix
"Igiugig Airport",59.324,-155.902,90,-9,America/Anchorage
"Kingman Airport",35.2595,-113.938,3449,-7,America/Phoenix
"Lansing Municipal",41.5349167,-87.5295278,620,-6,America/Chicago
"Windham Airport",41.7440278,-72.1802222,246,-5,America/New_York
"Greater Kankakee",41.071389,-87.846278,630,-6,America/Chicago
"Nikolski Air Station",52.941667,-168.848889,77,-9,America/Anchorage
"Kirtland Air Force Base",35.040222,-106.609194,5355,-7,America/Denver
"Ankeny Regl Airport",41.691389,-93.566389,910,-6,America/Chicago
"New Castle",39.678722,-75.606528,79,-5,America/New_York
Iliamna,59.754356,-154.910961,186,-9,America/Anchorage
"Wilmington Intl",34.270615,-77.902569,32,-5,America/New_York
"Wilmington Airborne Airpark",39.42792,-83.792118,1077,-5,America/New_York
Immokalee,26.433889,-81.401389,37,-5,America/New_York
"Ford Airport",45.8183611,-88.1145556,1182,-6,America/Chicago
"Indianapolis Intl",39.717331,-86.294383,797,-5,America/New_York
"Hillsboro Muni",32.083486,-97.097228,685,-6,America/Chicago
"Winkler Co",31.779628,-103.201361,2822,-6,America/Chicago
"Falls Intl",48.566186,-93.403067,1185,-6,America/Chicago
"Creech Afb",36.587183,-115.673353,3133,-8,America/Los_Angeles
"Smith Reynolds",36.133722,-80.222,969,-5,America/New_York
"Winslow-Lindbergh Regional Airport",35.0219167,-110.7225278,4941,-7,America/Phoenix
"Iowa City Municipal Airport",41.639244,-91.546503,668,-6,America/Chicago
"Imperial Co",32.834219,-115.578744,-54,-8,America/Los_Angeles
"Williamsport Rgnl",41.241836,-76.921094,529,-5,America/New_York
"Circle City Airport",65.827778,-144.076111,613,-9,America/Anchorage
"Kirksville Regional Airport",40.0935,-92.5449,966,-6,America/Chicago
"Kissimmee Gateway Airport",28.289806,-81.437083,82,-5,America/New_York
"Sloulin Fld Intl",48.177939,-103.642347,1982,-6,America/Chicago
"Kinston Regional Jetport",35.331389,-77.608889,94,-5,America/New_York
"Long Island Mac Arthur",40.79525,-73.100222,99,-5,America/New_York
"Alexander Field South Wood County Airport",44.3606456,-89.8381412,1021,-6,America/Chicago
"Ithaca Tompkins Rgnl",42.491028,-76.458444,1099,-5,America/New_York
"Hilo Intl",19.721375,-155.048469,38,-10,Pacific/Honolulu
"Gogebic Iron County Airport",46.5274747,-90.1313967,1230,-6,America/Chicago
"West Houston",29.818194,-95.672611,111,-6,America/Chicago
"Inyokern Airport",35.658889,-117.829444,2455,-8,America/Los_Angeles
"Eastern Slopes Regional",43.9911389,-70.9478889,455,-5,America/New_York
"Jackson Hole Airport",43.607333333,-110.73775,6451,-7,America/Denver
"Jackson Evers Intl",32.311167,-90.075889,346,-6,America/Chicago
"Jacksonville Intl",30.494056,-81.687861,30,-5,America/New_York
"Jonesboro Muni",35.831708,-90.646417,262,-6,America/Chicago
"New Century AirCenter Airport",38.8309167,-94.8903056,1087,-6,America/Chicago
"Jefferson City Memorial Airport",38.5912,-92.1561,549,-6,America/Chicago
"Jesup-Wayne County Airport",31.553889,-81.8825,107,-5,America/New_York
"John F Kennedy Intl",40.639751,-73.778925,13,-5,America/New_York
"Grand Canyon Heliport",35.96666666,-112.13333333,2500,-7,America/Phoenix
Kapalua,20.962936,-156.673031,256,-10,Pacific/Honolulu
"Chautauqua County-Jamestown",42.153333,-79.258056,525,-5,America/New_York
"Jack Edwards Airport",30.2896389,-87.6717778,17,-6,America/Chicago
"Joplin Rgnl",37.151814,-94.498269,981,-6,America/Chicago
"Jamestown Regional Airport",46.9297,-98.6782,1498,-6,America/Chicago
"Juneau Intl",58.354972,-134.576278,21,-9,America/Anchorage
"Regional Airport",41.517778,-88.175556,582,-6,America/Chicago
"West 30th St. Heliport",40.7545,-74.0071,7,-5,America/New_York
"Wall Street Heliport",40.701214,-74.009028,7,-5,America/New_York
"John Murtha Johnstown-Cambria County Airport",40.316111,-78.833889,2284,-5,America/New_York
"Southern Wisconsin Regional Airport",42.62025,-89.0415556,808,-6,America/Chicago
"Reynolds Field",42.260556,-84.460556,1001,-5,America/New_York
"Plantation Airpark",32.6452778,-81.5971111,188,-5,America/New_York
"Leesburg Executive Airport",39.078,-77.558,389,-5,America/New_York
"Pickens County Airport",34.4534722,-84.4572222,1535,-5,America/New_York
"Wainwright As",70.613378,-159.86035,35,-9,America/Anchorage
"Burrello-Mechanicville Airport",42.893133,-73.66845,195,-5,America/New_York
"Sabetha Municipal",39.5425,-95.4677,1330,-6,America/Chicago
"Kake Seaplane Base",56.973056,-133.945556,0,-9,America/Anchorage
"Kaltag Airport",64.3191,-158.741,187,-9,America/Anchorage
"Birch Creek Airport",66.256708,-145.815319,450,-9,America/Anchorage
"Chignik Bay Seaplane Base",56.295556,-158.401398,0,-9,America/Anchorage
"Coffman Cove Seaplane Base",56.014722,-132.833889,0,-9,America/Anchorage
"Chignik Lagoon Airport",56.311111,-158.534167,25,-9,America/Anchorage
"Chignik Lake Airport",56.255,-158.775278,50,-9,America/Anchorage
"Kenmore Air Harbor Inc Seaplane Base",47.7548,-122.259,14,-8,America/Los_Angeles
"Ekwok Airport",59.356944,-157.471111,135,-9,America/Anchorage
"False Pass Airport",54.8475,-163.410278,20,-9,America/Anchorage
"Koliganek Airport",59.726667,-157.259444,269,-9,America/Anchorage
"Grayling Airport",62.894444,-160.065,99,-9,America/Anchorage
"Koyuk Alfred Adams Airport",64.939444,-161.154167,154,-9,America/Anchorage
"Kitoi Bay Seaplane Base",58.190833,-152.370556,0,-9,America/Anchorage
"Kongiganak Airport",59.960833,-162.881111,30,-9,America/Anchorage
"Kalskag Airport",61.5363,-160.341,55,-9,America/Anchorage
"Levelock Airport",59.128056,-156.858611,39,-9,America/Anchorage
"Larsen Bay Airport",57.535,-153.976667,87,-9,America/Anchorage
"Kelso Longview",46.118,-122.898389,20,-8,America/Los_Angeles
"Klawock Airport",55.579167,-133.076111,80,-9,America/Anchorage
"Manokotak Airport",58.990278,-159.05,51,-9,America/Anchorage
"Moser Bay Seaplane Base",57.025556,-154.145833,0,-9,America/Anchorage
"New Stuyahok Airport",59.4499,-157.328,302,-9,America/Anchorage
"Kona Intl At Keahole",19.738767,-156.045631,47,-10,Pacific/Honolulu
"Kotlik Airport",63.030556,-163.532778,15,-9,America/Anchorage
"Olga Bay Seaplane Base",57.161389,-154.229722,0,-9,America/Anchorage
"Ouzinkie Airport",57.922876,-152.500511,55,-9,America/Anchorage
"Point Baker Seaplane Base",56.351944,-133.6225,0,-9,America/Anchorage
"Port Clarence Coast Guard Station",65.2537,-166.859,10,-9,America/Anchorage
"Kipnuk Airport",59.933056,-164.030556,11,-9,America/Anchorage
"Port Williams Seaplane Base",58.49,-152.582222,0,-9,America/Anchorage
"Perryville Airport",55.906667,-159.160833,29,-9,America/Anchorage
"Port Bailey Seaplane Base",57.93,-153.040556,0,-9,America/Anchorage
"Akutan Seaplane Base",54.1325,-165.785,0,-9,America/Anchorage
"St Marys Airport",62.0605,-163.302,311,-9,America/Anchorage
"Thorne Bay Seaplane Base",55.688056,-132.536667,0,-9,America/Anchorage
"Ketchikan Intl",55.355556,-131.71375,88,-9,America/Anchorage
"Brevig Mission Airport",65.331389,-166.465833,35,-9,America/Anchorage
"Kasigluk Airport",60.873333,-162.524444,40,-9,America/Anchorage
"King Cove Airport",55.1163,-162.266,155,-9,America/Anchorage
"Kivalina Airport",67.7362,-164.563,13,-9,America/Anchorage
"Kwigillingok Airport",59.876389,-163.168611,18,-9,America/Anchorage
"Quinhagak Airport",59.755,-161.845278,42,-9,America/Anchorage
"West Point Village Seaplane Base",57.77,-153.548889,0,-9,America/Anchorage
"Kwethluk Airport",60.790278,-161.443611,30,-9,America/Anchorage
"Karuluk Airport",57.566944,-154.450278,137,-9,America/Anchorage
"Koyukuk Airport",64.875833,-157.730556,149,-9,America/Anchorage
"Zachar Bay Seaplane Base",57.55,-153.75,0,-9,America/Anchorage
"Furnace Creek",36.273,-116.515,0,-8,America/Los_Angeles
"Big Bear City",34.2637778,-116.8560278,6725,-8,America/Los_Angeles
"Oceano County Airport",35.10147222,-120.62236111,14,-8,America/Los_Angeles
"Lamar Muni",38.069694,-102.6885,3706,-7,America/Denver
"Purude University Airport",40.4123056,-86.9368889,606,-5,America/New_York
"Lakeland Linder Regional Airport",27.9889167,-82.0185556,142,-5,America/New_York
"Los Alamos Airport",35.8798019,-106.2694153,7171,-7,America/Denver
"Capital City",42.7787,-84.587357,861,-5,America/New_York
"Laramie Regional Airport",41.3121,-105.675,7284,-7,America/Denver
"Mc Carran Intl",36.080056,-115.15225,2141,-8,America/Los_Angeles
"Lawton-Fort Sill Regional Airport",34.5677144,-98.4166367,1110,-6,America/Chicago
"Los Angeles Intl",33.942536,-118.408075,126,-8,America/Los_Angeles
"Lubbock Preston Smith Intl",33.663639,-101.822778,3282,-6,America/Chicago
"Arnold Palmer Regional Airport",40.2759,-79.4048,1185,-5,America/New_York
"North Platte Regional Airport Lee Bird Field",41.1262,-100.684,2776,-6,America/Chicago
"Liberal Muni",37.044222,-100.95986,2885,-6,America/Chicago
"Municipal Airport",34.6098056,-79.0595556,125,-5,America/New_York
"Lake Charles Rgnl",30.126112,-93.223335,15,-6,America/Chicago
"Rickenbacker Intl",39.813786,-82.927822,744,-5,America/New_York
"Lake City Municipal Airport",30.181944,-82.576944,201,-5,America/New_York
"Linden Airport",40.6174472,-74.2445942,23,-5,America/New_York
"Lebanon Municipal Airport",43.6261,-72.3042,603,-5,America/New_York
"Lewiston Maine",44.0484728,-70.2835075,288,-5,America/New_York
"Blue Grass",38.0365,-84.605889,979,-5,America/New_York
"Langley Afb",37.082881,-76.360547,11,-5,America/New_York
"Angelina Co",31.234014,-94.75,296,-6,America/Chicago
"Lafayette Rgnl",30.205278,-91.987611,43,-6,America/Chicago
"La Guardia",40.777245,-73.872608,22,-5,America/New_York
"Long Beach",33.817722,-118.151611,60,-8,America/Los_Angeles
"LaGrange-Callaway Airport",33.0088611,-85.0726111,694,-5,America/New_York
Logan-Cache,41.791,-111.852,4457,-7,America/Denver
"Lake Hood Seaplane Base",61.1866382,-149.9653918,71,-9,America/Anchorage
"Lincoln Regional Airport Karl Harder Field",38.9091667,-121.3513333,121,-8,America/Los_Angeles
"William T. Piper Mem.",41.1357778,-77.4223056,556,-5,America/New_York
"La Junta Muni",38.049719,-103.509431,4238,-7,America/Denver
Lihue,21.975983,-159.338958,153,-10,Pacific/Honolulu
"Adams Fld",34.729444,-92.224306,262,-6,America/Chicago
"Livingood Airport",65.531111,-148.541111,696,-9,America/Anchorage
"Kenmore Air Harbor Seaplane Base",47.629,-122.339,14,-8,America/Los_Angeles
"Kulik Lake Airport",58.96591,-155.108089,1000,-9,America/Anchorage
"Lake Placid Airport",44.264444,-73.961944,1747,-5,America/New_York
"Klamath Falls Airport",42.1561,-121.733,4095,-8,America/Los_Angeles
"Palm Beach Co Park",26.593,-80.085056,14,-5,America/New_York
Lincoln,40.850971,-96.75925,1219,-6,America/Chicago
"Lost Nation Municipal Airport",41.6840278,-81.38975,626,-5,America/New_York
"Tri-County Regional Airport",43.211667,-90.181667,718,-6,America/Chicago
"Lancaster Airport",40.1217,-76.2961,403,-5,America/New_York
Lanai,20.785611,-156.951419,1308,-10,Pacific/Honolulu
"Lewis University Airport",41.606326,-88.083003,680,-6,America/Chicago
"Bowman Fld",38.228,-85.663722,546,-5,America/New_York
"London-Corbin Airport-MaGee Field",37.0868889,-84.0773889,1212,-5,America/New_York
"Lompoc Airport",34.6656,-120.4675,88,-8,America/Los_Angeles
"Lorain County Regional Airport",41.3442778,-82.1776389,793,-5,America/New_York
"Lopez Island Airport",48.4839,-122.938,209,-8,America/Los_Angeles
"Laredo Intl",27.54375,-99.461556,508,-6,America/Chicago
"Little Rock Afb",34.916944,-92.149722,311,-6,America/Chicago
"Mount Pleasant Regional-Faison Field",32.5387,-79.4697,12,-5,\N
"Las Cruces Intl",32.289417,-106.921972,4456,-7,America/Denver
"La Crosse Municipal",43.878986,-91.256711,654,-6,America/Chicago
"Lawson Aaf",32.337322,-84.991283,232,-5,America/New_York
"Nellis Afb",36.236197,-115.034253,1870,-8,America/Los_Angeles
"Altus Afb",34.667067,-99.266681,1382,-6,America/Chicago
"Luke Afb",33.535,-112.38306,1085,-7,America/Phoenix
"Cincinnati Muni Lunken Fld",39.103333,-84.418611,483,-5,America/New_York
"Kalaupapa Airport",21.211,-156.974,24,-10,Pacific/Honolulu
"Cape Lisburne Lrrs",68.875133,-166.110022,12,-9,America/Anchorage
"Livermore Municipal",37.41362,-121.49133,400,-8,America/Los_Angeles
"Mission Field Airport",45.6993889,-110.4483056,4660,-7,America/Denver
"Las Vegas Muni",35.654222,-105.142389,6877,-7,America/Denver
"South Haven Area Regional Airport",42.3511944,-86.2556389,666,-5,America/New_York
"Greenbrier Valley Airport",37.858333,-80.399444,2302,-5,America/New_York
"Lawrence Municipal",39.009167,-95.2175,833,-6,America/Chicago
"Lawrence Municipal Airport",42.7171944,-71.1234167,148,-5,America/New_York
"Lewiston Nez Perce Co",46.3745,-117.015389,1442,-8,America/Los_Angeles
"Lewistown Municipal Airport",47.0493,-109.467,4170,-7,America/Denver
"Mexia - Limestone County Airport",31.6411783,-96.5144594,544,-6,America/Chicago
"Lynchburg Regional Preston Glenn Field",37.3267,-79.2004,938,-5,America/New_York
"Ely Municipal",47.824444,-91.830833,1456,-6,America/Chicago
"Gwinnett County Airport-Briscoe Field",33.9780761,-83.9623772,1061,-5,America/New_York
"Desert Aire",46.4124,-119.5518,586,-8,America/Los_Angeles
"Madera Municipal Airport",36.9886111,-120.1124444,255,-8,America/Los_Angeles
"Midland Intl",31.942528,-102.201914,2871,-6,America/Chicago
"Manistee County-Blacker Airport",44.2725,-86.246944,621,-5,America/New_York
"Mbs Intl",43.532913,-84.079647,668,-5,America/New_York
"Mc Clellan Afld",38.667639,-121.400611,75,-8,America/Los_Angeles
"Mackinac Island Airport",45.8649344,-84.637344,740,-5,America/New_York
"Merced Municipal Airport",37.284722,-120.513889,156,-8,America/Los_Angeles
"Macdill Afb",27.849339,-82.521214,14,-5,America/New_York
"McGrath Airport",62.9529,-155.606,338,-9,America/Anchorage
"Kansas City Intl",39.297606,-94.713905,1026,-6,America/Chicago
"McCook Regional Airport",40.206389,-100.592222,2583,-6,America/Chicago
"McKinley National Park Airport",63.732757,-148.91129,1720,-9,America/Anchorage
"Middle Georgia Rgnl",32.69285,-83.649211,354,-5,America/New_York
"Orlando Intl",28.429394,-81.308994,96,-5,America/New_York
"Mason City Municipal",43.2247,-93.4067,1243,-6,America/Chicago
"Harrisburg Intl",40.193494,-76.763403,310,-5,America/New_York
"Chicago Midway Intl",41.785972,-87.752417,620,-6,America/Chicago
"Banks Airport",44.1653889,-68.4281667,100,-5,America/New_York
"Key Field",32.332624,-88.751868,297,-6,America/Chicago
"Memphis Intl",35.042417,-89.976667,341,-6,America/Chicago
Castle,37.380481,-120.568189,189,-8,America/Los_Angeles
"Mansfield Lahm Regional",40.8214167,-82.5166389,1297,-5,America/New_York
"Mc Allen Miller Intl",26.175833,-98.238611,107,-6,America/Chicago
"Marshfield Municipal Airport",44.6368797,-90.1893267,1278,-6,America/Chicago
"Rogue Valley Intl Medford",42.374228,-122.8735,1335,-8,America/Los_Angeles
"Michigan City Municipal Airport",41.7033,-86.8211,500,-6,America/Chicago
"Dobbins Arb",33.915382,-84.516319,1068,-5,America/New_York
"Orange County Airport",41.5099884,-74.2646444,364,-5,America/New_York
"Montgomery Regional Airport",32.3006389,-86.3939722,221,-6,America/Chicago
"Moultrie Municipal Airport",31.0849167,-83.80325,294,-5,America/New_York
"Morgantown Muni Walter L Bill Hart Fld",39.642908,-79.916314,1248,-5,America/New_York
"Dayton-Wright Brothers Airport",39.5889722,-84.2248611,957,-5,America/New_York
"Manhattan Reigonal",39.140972,-96.670833,1057,-6,America/Chicago
"Minchumina Airport",63.886111,-152.301944,678,-9,America/Anchorage
"Sacramento Mather",38.553897,-121.297592,96,-8,America/Los_Angeles
"Manchester Regional Airport",42.932556,-71.435667,266,-5,America/New_York
Mojave,35.059364,-118.151856,2791,-8,America/Los_Angeles
"Miami Intl",25.79325,-80.290556,8,-5,America/New_York
"Minot Afb",48.415572,-101.357661,1668,-6,America/Chicago
"Crystal Airport",45.0343,-93.2114,869,-6,America/Chicago
"Delaware County Airport",40.2424722,-85.39575,937,-5,America/New_York
"Millville Muni",39.367806,-75.072222,85,-5,America/New_York
Downtown,39.1275,-94.598889,759,-6,America/Chicago
"General Mitchell Intl",42.947222,-87.896583,723,-6,America/Chicago
"Muskegon County Airport",43.1695,-86.2382,628,-5,America/New_York
Molokai,21.152886,-157.096256,454,-10,Pacific/Honolulu
"Mc Kellar Sipes Rgnl",35.599889,-88.915611,434,-6,America/Chicago
"Davis Fld",35.656489,-95.366656,612,-6,America/Chicago
"Melbourne Intl",28.102753,-80.645258,33,-5,America/New_York
"Mc Alester Rgnl",34.882403,-95.783463,770,-6,America/Chicago
"Malad City",42.17,-112.289,4503,-7,America/Denver
"Quad City Intl",41.448528,-90.507539,590,-6,America/Chicago
"Baldwin County Airport",33.154225,-83.2414139,385,-5,America/New_York
"Marshall Don Hunter Sr. Airport",61.8646418,-162.026111,103,-9,America/Anchorage
"Frank Wiley Field",46.428,-105.886,2630,-7,America/Denver
"Millinocket Muni",45.647836,-68.685561,408,-5,America/New_York
"Monroe Rgnl",32.510864,-92.037689,79,-6,America/Chicago
"Manley Hot Springs Airport",64.9975,-150.644167,270,-9,America/Anchorage
"Mammoth Yosemite Airport",37.624049,-118.837772,7128,-8,America/Los_Angeles
"McMinn Co",35.39919,-84.56177,874,-5,America/New_York
"Morristown Municipal Airport",40.79935,-74.4148747,187,-5,America/New_York
"Mc Minnville Muni",45.194444,-123.135944,163,-8,America/Los_Angeles
"Menominee Marinette Twin Co",45.12665,-87.638443,625,-6,America/Chicago
"Minto Airport",65.143611,-149.37,460,-9,America/Anchorage
Manassas,38.721389,-77.515556,192,-5,America/New_York
"Mobile Rgnl",30.691231,-88.242814,219,-6,America/Chicago
"Modesto City Co Harry Sham",37.625817,-120.954422,97,-8,America/Los_Angeles
"Minot Intl",48.259378,-101.280333,1716,-6,America/Chicago
"Mountain Village Airport",62.0954,-163.682,337,-9,America/Anchorage
"Miami Seaplane Base",25.7783,-80.1703,0,-5,America/New_York
MariposaYosemite,37.3039,-120.0222,2454,-8,America/Los_Angeles
"Edward F Knapp State",44.203503,-72.562328,1165,-5,America/New_York
"Macomb Municipal Airport",40.5200833,-90.6523889,707,-6,America/Chicago
"Dare County Regional",35.5514,-75.4173,13,-5,America/New_York
"Sawyer International Airport",46.353611,-87.395278,1221,-5,America/New_York
"Eastern WV Regional Airport",39.2407,-77.591,554,-5,America/New_York
"Merrill Fld",61.213544,-149.844447,137,-9,America/Anchorage
"Marco Islands",25.9950278,-81.6725278,5,-5,America/New_York
"Foothills Regional Airport",35.8202336,-81.6115119,1270,-5,America/New_York
"Monterey Peninsula",36.587,-121.842944,257,-8,America/Los_Angeles
"Northwest Alabama Regional Airport",34.7453,-87.6102,550,-6,America/Chicago
"Dane Co Rgnl Truax Fld",43.139858,-89.337514,887,-6,America/Chicago
"Missoula Intl",46.916306,-114.090556,3205,-7,America/Denver
"Minneapolis St Paul Intl",44.881956,-93.221767,841,-6,America/Chicago
"Massena Intl Richards Fld",44.935833,-74.845547,215,-5,America/New_York
"Louis Armstrong New Orleans Intl",29.993389,-90.258028,4,-6,America/Chicago
"Selfridge Angb",42.608333,-82.8355,580,-5,America/New_York
"Florida Keys Marathon Airport",24.726111,-81.051389,7,-5,America/New_York
"Montrose Regional Airport",38.509794,-107.894242,5759,-7,America/Denver
"Metlakatla Seaplane Base",55.131111,-131.578056,0,-9,America/Anchorage
"Martin State",39.3256667,-76.4137778,22,-5,America/New_York
"Waimea Kohala",20.001328,-155.668108,2671,-10,Pacific/Honolulu
"Muir Aaf",40.434811,-76.569411,489,-5,America/New_York
"Mountain Home Afb",43.043603,-115.872431,2996,-7,America/Denver
"Morrisville Stowe State Airport",44.535,-72.614,732,-5,America/New_York
"Martha\\'s Vineyard",41.391667,-70.615278,67,-5,America/New_York
"Williamson Country Regional Airport",37.7549569,-89.0110936,472,-6,America/Chicago
"Lawrence J Timmerman Airport",43.1103889,-88.0344167,745,-6,America/Chicago
"Grant Co Intl",47.207708,-119.32019,1185,-8,America/Los_Angeles
"Mineral Wells",32.781606,-98.060175,974,-6,America/Chicago
"Windom Municipal Airport",43.9134017,-95.1094083,1410,-6,America/Chicago
"Maxwell Afb",32.382944,-86.365778,171,-6,America/Chicago
"McCarthy Airport",61.4370608,-142.90307372,1531,-9,America/Anchorage
"Montgomery Field",32.4759,117.759,17,8,Asia/Chongqing
"McCall Municipal Airport",44.889722,-116.101389,5021,-7,America/Denver
"Myrtle Beach Intl",33.67975,-78.928333,25,-5,America/New_York
"Mekoryuk Airport",60.3714,-166.271,48,-9,America/Anchorage
"Yuba County Airport",39.0553,-121.3411,62,-8,America/Los_Angeles
"Pinal Airpark",32.509722,-111.325278,1893,-7,America/Phoenix
"Stroudsburg-Pocono Airport",41.0358717,-75.1606789,480,-5,America/New_York
"Stormville Airport",41.5769708,-73.7323514,358,-5,America/New_York
"Trenton-Robbinsville Airport",40.2139444,-74.6017778,118,-5,America/New_York
"New Orleans Nas Jrb",29.825333,-90.035,3,-6,America/Chicago
"Naval Air Station",42.090556,-87.8225,653,-6,America/Chicago
"Chenega Bay Airport",60.077222,-147.991944,72,-9,America/Anchorage
"Lakehurst Naes",40.033333,-74.353333,103,-5,America/New_York
Lakefront,30.0424167,-90.02825,7,-6,America/Chicago
"Fallon Nas",39.416584,-118.70098,3934,-8,America/Los_Angeles
"Kaneohe Bay Mcaf",21.450453,-157.768,24,-10,Pacific/Honolulu
"Corpus Christi NAS",27.692701,-97.290376,18,-6,America/Chicago
"Norfolk Ns",36.937644,-76.289289,15,-5,America/New_York
"NAS Alameda",37.7861,-122.3186,10,-8,America/Los_Angeles
"Patuxent River Nas",38.285981,-76.411781,39,-5,America/New_York
"Nikolai Airport",63.010833,-154.383889,427,-9,America/Anchorage
"China Lake Naws",35.685422,-117.692039,2283,-8,America/Los_Angeles
"Jacksonville Nas",30.235834,-81.680556,22,-5,America/New_York
"El Centro Naf",32.829222,-115.671667,-42,-8,America/Los_Angeles
"Cherry Point Mcas",34.900872,-76.880733,29,-5,America/New_York
"Miramar Mcas",32.867694,-117.14175,478,-8,America/Los_Angeles
"Lemoore Nas",36.333012,-119.95208,234,-8,America/Los_Angeles
"Nelson Lagoon",56.0075,-161.160278,14,-9,America/Anchorage
"Nightmute Airport",60.471111,-164.700833,4,-9,America/Anchorage
"Meridian Nas",32.552083,-88.555557,317,-6,America/Chicago
"Nondalton Airport",59.966944,-154.851667,262,-9,America/Anchorage
"Port Angeles Cgas",48.141481,-123.414075,13,-8,America/Los_Angeles
"Pensacola Nas",30.352656,-87.318647,28,-6,America/Chicago
"Porter County Municipal Airport",41.4539722,-87.0070833,770,-6,America/Chicago
"Millington Rgnl Jetport",35.356667,-89.870278,320,-6,America/Chicago
"Kingsville Nas",27.507223,-97.809723,50,-6,America/Chicago
"Key West Nas",24.575834,-81.688889,6,-5,America/New_York
"Whiting Fld Nas North",30.724167,-87.021944,199,-6,America/Chicago
"Point Mugu Nas",34.120285,-119.12094,13,-8,America/Los_Angeles
"Oceana Nas",36.820703,-76.033542,22,-5,America/New_York
"Nuiqsut Airport",70.21,-151.005556,38,-9,America/Anchorage
"Nulato Airport",64.729444,-158.074167,399,-9,America/Anchorage
"Nunapitchuk Airport",60.905833,-162.439167,12,-9,America/Anchorage
"Moffett Federal Afld",37.416142,-122.049139,32,-8,America/Los_Angeles
"Whidbey Island Nas",48.351803,-122.655906,47,-8,America/Los_Angeles
"Twentynine Palms Eaf",34.296161,-116.162203,2051,-8,America/Los_Angeles
"Willow Grove Nas Jrb",40.199833,-75.148167,358,-5,America/New_York
"Long Lake",43.9750617,-74.42044,1629,-5,America/New_York
"All Airports",40.714167,-74.005833,31,-5,America/New_York
"Quantico Mcaf",38.501683,-77.305333,11,-5,America/New_York
"Cecil Field",30.2187,-81.8767,81,-5,America/New_York
"El Toro",33.676132,-117.731164,383,-8,America/Los_Angeles
"North Island Nas",32.699219,-117.21531,26,-8,America/Los_Angeles
"Morgantown Airport",40.1570414,-75.8704892,600,-5,America/New_York
"Oakdale Airport",37.7563333,-120.8001944,237,-8,America/Los_Angeles
"Albert J Ellis",34.829164,-77.612139,94,-5,America/New_York
"Metropolitan Oakland Intl",37.721278,-122.220722,9,-8,America/Los_Angeles
"Marina Muni",36.681878,-121.762347,134,-8,America/Los_Angeles
